<application>
  <component name="CodeInsightSettings">
    <option name="SMART_INDENT_ON_ENTER" value="false" />
    <option name="REFORMAT_ON_PASTE" value="1" />
    <option name="USE_INSTANCEOF_ON_EQUALS_PARAMETER" value="true" />
  </component>
  <component name="DefaultFont">
    <option name="FONT_SIZE" value="18" />
    <option name="FONT_FAMILY" value="Monaco" />
  </component>
  <component name="EditorSettings">
    <option name="USE_SOFT_WRAPS" value="" />
    <option name="SHOW_QUICK_DOC_ON_MOUSE_OVER_ELEMENT" value="true" />
    <option name="IS_WHITESPACES_SHOWN" value="true" />
  </component>
</application>