<application>
  <component name="FileTypeManager" version="17">
    <extensionMap>
      <mapping pattern="d_org_hierarchy" type="DBN-SQL" />
      <removed_mapping pattern="Dockerfile" approved="true" type="Dockerfile" />
      <mapping pattern="Dockerfile" type="PLAIN_TEXT" />
      <mapping pattern="production_client_contracting_lives_summary.groovy" type="PLAIN_TEXT" />
      <removed_mapping pattern="Dockerfile" approved="true" type="Dockerfile" />
    </extensionMap>
  </component>
</application>