<application>
  <component name="ProjectManager">
    <defaultProject>
      <component name="CompilerConfiguration">
        <option name="USE_RELEASE_OPTION" value="false" />
      </component>
      <component name="Encoding" addBOMForNewFiles="with NO BOM" />
      <component name="GradleLocalSettings">
        <option name="projectSyncType">
          <map>
            <entry key="$USER_HOME$/eclipse-workspace/HttpProxy" value="PREVIEW" />
            <entry key="$USER_HOME$/eclipse-workspace/PQSDMMapping" value="PREVIEW" />
            <entry key="$USER_HOME$/eclipse-workspace/ProgrammingPractice/learn_distributed_system" value="PREVIEW" />
            <entry key="$USER_HOME$/eclipse-workspace/ProgrammingPractice/leetcode/algorithm-zoo" value="PREVIEW" />
            <entry key="$USER_HOME$/eclipse-workspace/UVDS" value="PREVIEW" />
            <entry key="$USER_HOME$/eclipse-workspace/data-models-platform" value="PREVIEW" />
            <entry key="$USER_HOME$/eclipse-workspace/expub-jenkins-job-dsl" value="PREVIEW" />
            <entry key="$USER_HOME$/eclipse-workspace/extract_and_transform" value="PREVIEW" />
            <entry key="$USER_HOME$/eclipse-workspace/lake-pipeline" value="PREVIEW" />
            <entry key="$USER_HOME$/eclipse-workspace/lake-stream" value="PREVIEW" />
            <entry key="$USER_HOME$/eclipse-workspace/patient-avro-dictionary" value="PREVIEW" />
            <entry key="$USER_HOME$/eclipse-workspace/pi-transform-scala-example" value="PREVIEW" />
          </map>
        </option>
      </component>
      <component name="PropertiesComponent">
        <property name="settings.editor.selected.configurable" value="reference.projectsettings.compiler.javacompiler" />
      </component>
      <component name="RunManager">
        <configuration default="true" type="Application" factoryName="Application">
          <option name="WORKING_DIRECTORY" value="$PROJECT_DIR$" />
          <method v="2">
            <option name="Make" enabled="true" />
          </method>
        </configuration>
        <configuration default="true" type="JUnit" factoryName="JUnit">
          <option name="TEST_OBJECT" value="class" />
          <option name="WORKING_DIRECTORY" value="%MODULE_WORKING_DIR%" />
          <method v="2">
            <option name="Make" enabled="true" />
          </method>
        </configuration>
        <configuration default="true" type="TestNG">
          <option name="WORKING_DIRECTORY" value="%MODULE_WORKING_DIR%" />
          <properties />
          <listeners />
          <method v="2">
            <option name="Make" enabled="true" />
          </method>
        </configuration>
      </component>
      <component name="masterDetails">
        <states>
          <state key="ProjectJDKs.UI">
            <settings>
              <last-edited>1.8</last-edited>
              <splitter-proportions>
                <option name="proportions">
                  <list>
                    <option value="0.2" />
                  </list>
                </option>
              </splitter-proportions>
            </settings>
          </state>
        </states>
      </component>
    </defaultProject>
  </component>
</application>