<application>
  <component name="VimEditorSettings">
    <editor>
      <key-repeat enabled="true" />
    </editor>
  </component>
  <component name="VimHistorySettings">
    <history>
      <history-search>
        <entry encoding="base64">XDxUaGVcPg==</entry>
        <entry encoding="base64">XDxzZXJ2aWNlXD4=</entry>
      </history-search>
      <history-cmd>
        <entry>wq!</entry>
        <entry>w!</entry>
      </history-cmd>
      <history-expr />
      <history-input />
    </history>
  </component>
  <component name="VimKeySettings">
    <shortcut-conflicts>
      <shortcut-conflict owner="vim">
        <text>ctrl pressed 2</text>
      </shortcut-conflict>
      <shortcut-conflict owner="vim">
        <text>shift ctrl pressed 2</text>
      </shortcut-conflict>
      <shortcut-conflict owner="vim">
        <text>ctrl pressed P</text>
      </shortcut-conflict>
      <shortcut-conflict owner="vim">
        <text>ctrl pressed B</text>
      </shortcut-conflict>
    </shortcut-conflicts>
  </component>
  <component name="VimMarksSettings">
    <globalmarks />
    <filemarks>
      <file name="$USER_HOME$/eclipse-workspace/pi-datamart-transform/src/main/scala/com.ibm.watsonhealth/Commands.scala" timestamp="1591148070415">
        <mark key="[" line="2" column="0" />
        <mark key="]" line="2" column="0" />
        <mark key="." line="2" column="0" />
      </file>
      <file name="$USER_HOME$/eclipse-workspace/pi-datamart-transform/src/main/resources/DDL/transform/load/d_person_prd_conditions.sql" timestamp="1591391043247">
        <mark key="[" line="0" column="3" />
        <mark key="]" line="0" column="4" />
        <mark key="." line="0" column="4" />
      </file>
      <file name="$USER_HOME$/eclipse-workspace/pi-datamart-transform/src/main/resources/DDL/transform/load/f_person_epis.sql" timestamp="1591392289657">
        <mark key="[" line="1" column="3" />
        <mark key="]" line="1" column="4" />
        <mark key="." line="1" column="4" />
      </file>
      <file name="$USER_HOME$/eclipse-workspace/pi-datamart-transform/src/main/resources/DDL/transform/load/d_prog_prd_org_prov.sql" timestamp="1591391834496">
        <mark key="[" line="1" column="3" />
        <mark key="]" line="1" column="4" />
        <mark key="." line="1" column="4" />
      </file>
      <file name="$USER_HOME$/eclipse-workspace/pi-datamart-transform/src/main/scala/com.ibm.watsonhealth/CloudObjectStorage.scala" timestamp="1591147936773">
        <mark key="[" line="15" column="8" />
        <mark key="]" line="15" column="8" />
        <mark key="." line="15" column="8" />
      </file>
      <file name="$USER_HOME$/eclipse-workspace/pi-datamart-transform/src/main/scala/com.ibm.watsonhealth/CloudObjectStorage.java" timestamp="1591147655146">
        <mark key="[" line="3" column="55" />
        <mark key="]" line="3" column="55" />
        <mark key="." line="3" column="55" />
      </file>
      <file name="$USER_HOME$/eclipse-workspace/pi-datamart-transform/src/main/scala/com.ibm.watsonhealth/TableConfigMngr.scala" timestamp="1591332136312" />
      <file name="$USER_HOME$/eclipse-workspace/pi-datamart-transform/src/main/scala/com.ibm.watsonhealth/InitializationUtil.scala" timestamp="1591332330718">
        <mark key="[" line="23" column="61" />
        <mark key="]" line="28" column="0" />
        <mark key="." line="28" column="0" />
        <mark key="^" line="31" column="24" />
      </file>
      <file name="$USER_HOME$/eclipse-workspace/pi-datamart-transform/src/main/scala/com.ibm.watsonhealth/Db2OutputWriter.scala" timestamp="1591390240659">
        <mark key="[" line="10" column="75" />
      </file>
      <file name="$USER_HOME$/eclipse-workspace/pi-datamart-transform/build.gradle" timestamp="1591210627185">
        <mark key="[" line="29" column="5" />
        <mark key="]" line="29" column="0" />
        <mark key="." line="29" column="0" />
      </file>
      <file name="$USER_HOME$/eclipse-workspace/pi-datamart-transform/src/main/resources/object_group_config/pi_data_frames.json" timestamp="1591392284314">
        <mark key="[" line="1" column="10" />
      </file>
      <file name="$USER_HOME$/eclipse-workspace/pi-datamart-transform/src/main/resources/DDL/transform/load/d_prd.sql" timestamp="1591386753754">
        <mark key="[" line="1" column="3" />
        <mark key="]" line="1" column="4" />
        <mark key="." line="1" column="4" />
      </file>
      <file name="$USER_HOME$/eclipse-workspace/pi-datamart-transform/src/main/resources/object_config/d_org_hierarchy.json" timestamp="1591391005964">
        <mark key="[" line="5" column="62" />
        <mark key="]" line="5" column="62" />
        <mark key="." line="5" column="62" />
      </file>
      <file name="$USER_HOME$/eclipse-workspace/pi-datamart-transform/src/main/scala/com.ibm.watsonhealth/TableRunner.scala" timestamp="1591148111791">
        <mark key="[" line="4" column="0" />
        <mark key="]" line="4" column="0" />
        <mark key="." line="4" column="0" />
      </file>
      <file name="$USER_HOME$/eclipse-workspace/pi-datamart-transform/src/main/resources/DDL/transform/load/d_prog_prd.sql" timestamp="1591391718848">
        <mark key="[" line="1" column="3" />
        <mark key="]" line="1" column="4" />
        <mark key="." line="1" column="4" />
      </file>
      <file name="$USER_HOME$/eclipse-workspace/pi-datamart-transform/src/main/scala/com.ibm.watsonhealth/DataExtractor.scala" timestamp="1591391026197">
        <mark key="[" line="71" column="0" />
        <mark key="]" line="71" column="0" />
        <mark key="." line="71" column="0" />
      </file>
      <file name="$USER_HOME$/eclipse-workspace/pi-datamart-transform/src/main/resources/DDL/transform/load/d_org_hierarchy.sql" timestamp="1591390928241">
        <mark key="[" line="1" column="23" />
        <mark key="]" line="2" column="4" />
        <mark key="." line="2" column="4" />
      </file>
      <file name="$USER_HOME$/eclipse-workspace/pi-datamart-transform/src/main/resources/DDL/transform/load/f_prog_prd_org_prov_person.sql" timestamp="1591392668801">
        <mark key="[" line="1" column="3" />
        <mark key="]" line="1" column="4" />
        <mark key="." line="1" column="4" />
      </file>
      <file name="/fragment.java" timestamp="1591392803816">
        <mark key="[" line="0" column="0" />
      </file>
    </filemarks>
    <jumps>
      <jump line="16" column="36" filename="$USER_HOME$/eclipse-workspace/explorys-common/src/net/explorys/common/data/patient/CommunicationRecord.java" />
      <jump line="78" column="23" filename="$USER_HOME$/eclipse-workspace/explorys-common/src/net/explorys/common2/data/patient/converters/avro/ConverterUtils.java" />
      <jump line="127" column="159" filename="$USER_HOME$/eclipse-workspace/explorys-common/test/net/explorys/common/data/patient/mapper/CommunicationRecordMapperTest.java" />
      <jump line="66" column="57" filename="$USER_HOME$/eclipse-workspace/explorys-common/test/net/explorys/common/data/patient/standardizer/CommunicationRecordStandardizerTest.java" />
      <jump line="59" column="4" filename="$USER_HOME$/eclipse-workspace/explorys-common/test/net/explorys/common/data/patient/standardizer/CommunicationRecordStandardizerTest.java" />
      <jump line="135" column="114" filename="$USER_HOME$/eclipse-workspace/data-indexing/test/net/explorys/indexing/supermart/SuperMartExportCommunicationHandlerTest.java" />
      <jump line="154" column="0" filename="$USER_HOME$/eclipse-workspace/data-indexing/test/net/explorys/indexing/supermart/SuperMartExportCommunicationHandlerTest.java" />
      <jump line="46" column="44" filename="$USER_HOME$/eclipse-workspace/PQSDMMapping/src/main/java/pqsdm_maping/FieldNameSearch.java" />
      <jump line="18" column="7" filename="$USER_HOME$/eclipse-workspace/PQSDMMapping/src/test/java/pqsdm_maping/FieldNameSearchTest.java" />
      <jump line="23" column="109" filename="$USER_HOME$/eclipse-workspace/patient-avro-dictionary/src/main/java/net/explorys/parser/PatientAvroParser.java" />
      <jump line="74" column="0" filename="$USER_HOME$/eclipse-workspace/patient-avro-dictionary/src/main/java/net/explorys/parser/PatientAvroParser.java" />
      <jump line="26" column="65" filename="$USER_HOME$/eclipse-workspace/UVDS/Lake-Publishing/src/main/java/com/parabird/uvds/dataLake/publishing/diskPublishing/DiskExtractor.java" />
      <jump line="1" column="0" filename="$USER_HOME$/eclipse-workspace/UVDS/Lake-Onboarding/src/main/java/com/parabird/uvds/dataLake/onboarding/db/dao/MediaDAO.java" />
      <jump line="80" column="0" filename="$USER_HOME$/eclipse-workspace/UVDS/Lake-Onboarding/src/main/java/com/parabird/uvds/dataLake/onboarding/db/dao/MediaDAO.java" />
      <jump line="54" column="26" filename="$USER_HOME$/eclipse-workspace/UVDS/Lake-Publishing/src/main/java/com/parabird/uvds/dataLake/publishing/openImagesPublishing/tasks/SourceFileDirETask.java" />
      <jump line="30" column="74" filename="$USER_HOME$/eclipse-workspace/UVDS/Lake-Publishing/src/main/java/com/parabird/uvds/dataLake/publishing/mqOperator/InMemoryBlockingMQOperator.java" />
      <jump line="10" column="80" filename="$USER_HOME$/eclipse-workspace/UVDS/Lake-Onboarding/src/main/resources/application.properties" />
      <jump line="0" column="343" filename="$USER_HOME$/eclipse-workspace/UVDS/Lake-Onboarding/db/scripts/create_tables.sql" />
      <jump line="1" column="154" filename="$USER_HOME$/eclipse-workspace/UVDS/Lake-Onboarding/db/scripts/create_tables.sql" />
      <jump line="2" column="152" filename="$USER_HOME$/eclipse-workspace/UVDS/Lake-Onboarding/db/scripts/create_tables.sql" />
      <jump line="3" column="72" filename="$USER_HOME$/eclipse-workspace/UVDS/Lake-Onboarding/db/scripts/create_tables.sql" />
      <jump line="4" column="81" filename="$USER_HOME$/eclipse-workspace/UVDS/Lake-Onboarding/db/scripts/create_tables.sql" />
      <jump line="5" column="120" filename="$USER_HOME$/eclipse-workspace/UVDS/Lake-Onboarding/db/scripts/create_tables.sql" />
      <jump line="6" column="118" filename="$USER_HOME$/eclipse-workspace/UVDS/Lake-Onboarding/db/scripts/create_tables.sql" />
      <jump line="6" column="12" filename="$USER_HOME$/eclipse-workspace/HttpProxy/src/main/java/com/httpproxy/parser/GetParser.java" />
      <jump line="7" column="0" filename="$USER_HOME$/eclipse-workspace/data-models-platform/avro-model/src/main/avro/avdl/ingest/DiagnosticReport.avdl" />
      <jump line="753" column="42" filename="$USER_HOME$/eclipse-workspace/data-models-platform/avro-converters/src/main/java/net/explorys/avro/converters/PatientConverterUtils.java" />
      <jump line="71" column="162" filename="$USER_HOME$/eclipse-workspace/explorys-common/test/net/explorys/common/data/patient/mapper/ProcedureNoteRecordMapperTest.java" />
      <jump line="146" column="61" filename="$USER_HOME$/eclipse-workspace/explorys-common/test/net/explorys/common2/data/patient/converters/avro/patient/PatientProcedureConverterTest.java" />
      <jump line="20" column="8" filename="$USER_HOME$/eclipse-workspace/ProgrammingPractice/leetcode/algorithm-zoo/src/test/java/algorithm/graph/TestMyTopologicalSortDFS.java" />
      <jump line="65" column="37" filename="$USER_HOME$/eclipse-workspace/ProgrammingPractice/leetcode/algorithm-zoo/src/main/java/algorithm/graph/MyChuLiu.java" />
      <jump line="34" column="14" filename="$USER_HOME$/eclipse-workspace/ProgrammingPractice/leetcode/algorithm-zoo/src/main/java/algorithm/segment_tree/MyFullZKWSegmentTree.java" />
      <jump line="99" column="75" filename="$USER_HOME$/eclipse-workspace/ProgrammingPractice/leetcode/algorithm-zoo/src/main/java/algorithm/skiplist/MySkipList.java" />
      <jump line="516" column="11" filename="$USER_HOME$/eclipse-workspace/data-models-platform/avro-model/src/main/avro/avdl/patient/PatientMedicalClaim.avdl" />
    </jumps>
  </component>
  <component name="VimRegisterSettings">
    <registers>
      <register name="&quot;" type="4">
        <text>FhirJson as fhir_json,
    HASH(FhirJson) as json_hash</text>
      </register>
      <register name="-" type="4">
        <text>/part-00000-252584aa-0d38-480a-b25e-ef1621302663-c000-attempt_20200603163116_0007_m_000000_605.snappy.parquet</text>
      </register>
      <register name="/" type="4">
        <text encoding="base64">XDxzZXJ2aWNlXD4=</text>
      </register>
      <register name="0" type="2">
        <text encoding="base64">ICAgIHNjLmhhZG9vcENvbmZpZ3VyYXRpb24uc2V0KHMiZnMuY29zLiRjb3NDb25maWd1cmF0aW9uLmFjY2Vzcy5rZXkiLCBjb3NBcmdzLmNvc0FjY2Vzc0tleSkK</text>
      </register>
      <register name="1" type="4">
        <text>FhirJson as fhir_json,
    HASH(FhirJson) as json_hash</text>
      </register>
      <register name="2" type="4">
        <text>FhirJson as fhir_json,
    HASH(FhirJson) as json_hash</text>
      </register>
      <register name="3" type="4">
        <text>FhirJson as fhir_json,
    HASH(FhirJson) as json_hash</text>
      </register>
      <register name="4" type="4">
        <text>FhirJson as fhir_json,
    HASH(FhirJson) as json_hash</text>
      </register>
      <register name="5" type="4">
        <text>FhirJson as fhir_json,
    HASH(FhirJson) as json_hash</text>
      </register>
      <register name="6" type="2">
        <text encoding="base64">ICAgIGRmLnByaW50U2NoZW1hKCkK</text>
      </register>
      <register name="7" type="2">
        <text encoding="base64">ICAgIHByaW50bG4oIioqKioqKioqKioqKioqKioqKioqKiIpCg==</text>
      </register>
      <register name="8" type="2">
        <text encoding="base64">ICAgIGRmLnNob3coKQo=</text>
      </register>
      <register name="9" type="2">
        <text encoding="base64">ICAgIHByaW50bG4oIioqKioqKioqKioqKioqKioqKioqKiIpCg==</text>
      </register>
      <register name=":" type="4">
        <text>w!</text>
      </register>
    </registers>
  </component>
  <component name="VimSearchSettings">
    <search>
      <last-search encoding="base64">XDxzZXJ2aWNlXD4=</last-search>
      <last-offset />
      <last-pattern encoding="base64">XDxzZXJ2aWNlXD4=</last-pattern>
      <last-dir>1</last-dir>
      <show-last>false</show-last>
    </search>
  </component>
  <component name="VimSettings">
    <state version="6" enabled="true" />
    <notifications>
      <idea-join enabled="false" />
      <idea-put enabled="false" />
    </notifications>
  </component>
</application>