<application>
  <component name="FileTypeManager" version="17">
    <ignoreFiles list="*$py.class;*.hprof;*.pyc;*.pyo;*.rbc;*.yarb;*~;.DS_Store;.git;.hg;.svn;CVS;__pycache__;_svn;vssver.scc;vssver2.scc;" />
    <extensionMap>
      <mapping pattern="*.js.flow" type="Flow" />
      <mapping pattern="*.js.flow" type="Flow" />
      <mapping pattern="RPT_005_Opioid_Prescribing" type="PLAIN_TEXT" />
      <mapping pattern="RPT_001_Patient_List" type="PLAIN_TEXT" />
      <mapping pattern="c_drug_clm.json" type="PLAIN_TEXT" />
      <mapping pattern="RPT_009_SDOH_ACS" type="PLAIN_TEXT" />
      <mapping pattern="RPT_004_Risk_Dataset" type="PLAIN_TEXT" />
      <mapping pattern="RPT_003_Lab_Test_Optimization" type="PLAIN_TEXT" />
      <mapping pattern="RPT_007_HE_Utilization_Benefits" type="PLAIN_TEXT" />
      <mapping pattern="RPT_004_RX_PMPM" type="PLAIN_TEXT" />
      <mapping pattern="RPT_007_HE_ER_Visit_Diagnoses" type="PLAIN_TEXT" />
      <mapping pattern="RPT_004_Medical_PMPM" type="PLAIN_TEXT" />
      <mapping pattern="RPT_006_Prenatal_Risk" type="PLAIN_TEXT" />
      <mapping pattern="RPT_002_Informal_Care_Team" type="PLAIN_TEXT" />
      <mapping pattern="RPT_009_SDOH_CNI" type="PLAIN_TEXT" />
      <mapping pattern="RPT_009_SDOH_ICD" type="PLAIN_TEXT" />
      <mapping pattern="RPT_003_Lab_Test_Optimization.json" type="PLAIN_TEXT" />
      <mapping pattern="RPT_007_HE_Telemedicine_ICD" type="PLAIN_TEXT" />
      <mapping pattern="RPT_007_HE_ER_Categories" type="PLAIN_TEXT" />
      <mapping pattern="RPT_008_Provider_Network" type="PLAIN_TEXT" />
      <mapping pattern="RPT_007_HE_Telemedicine" type="PLAIN_TEXT" />
      <mapping pattern="RPT_Intermediate_Attributed_Provider" type="PLAIN_TEXT" />
      <mapping ext="0" type="PLAIN_TEXT" />
    </extensionMap>
  </component>
</application>