<application>
  <component name="ProjectJdkTable">
    <jdk version="2">
      <name value="Python 3.7" />
      <type value="Python SDK" />
      <version value="Python 3.7.4" />
      <homePath value="/usr/local/bin/python3.7" />
      <roots>
        <classPath>
          <root type="composite">
            <root url="file:///usr/local/Cellar/python/3.7.4/Frameworks/Python.framework/Versions/3.7/lib/python3.7" type="simple" />
            <root url="file:///usr/local/Cellar/python/3.7.4/Frameworks/Python.framework/Versions/3.7/lib/python3.7/lib-dynload" type="simple" />
            <root url="file://$USER_HOME$/Library/Python/3.7/lib/python/site-packages" type="simple" />
            <root url="file:///usr/local/lib/python3.7/site-packages" type="simple" />
            <root url="file:///usr/local/lib/python3.7/site-packages/pip-19.0.3-py3.7.egg" type="simple" />
            <root url="file://$USER_HOME$/Library/Caches/PyCharm2019.3/python_stubs/-1199943126" type="simple" />
            <root url="file://$APPLICATION_HOME_DIR$/plugins/python/helpers/python-skeletons" type="simple" />
            <root url="file://$APPLICATION_HOME_DIR$/plugins/python/helpers/typeshed/stdlib/3" type="simple" />
            <root url="file://$APPLICATION_HOME_DIR$/plugins/python/helpers/typeshed/stdlib/2and3" type="simple" />
            <root url="file://$APPLICATION_HOME_DIR$/plugins/python/helpers/typeshed/third_party/3" type="simple" />
            <root url="file://$APPLICATION_HOME_DIR$/plugins/python/helpers/typeshed/third_party/2and3" type="simple" />
          </root>
        </classPath>
        <sourcePath>
          <root type="composite" />
        </sourcePath>
      </roots>
      <additional />
    </jdk>
    <jdk version="2">
      <name value="Remote Python 3.6.7 (sftp://qsxyh123@1.tcp.ngrok.io:27652/usr/bin/python3)" />
      <type value="Python SDK" />
      <version value="Python 3.6.8" />
      <homePath value="sftp://qsxyh123@1.tcp.ngrok.io:27652/usr/bin/python3" />
      <roots>
        <classPath>
          <root type="composite">
            <root url="file://$USER_HOME$/Library/Caches/PyCharm2019.1/remote_sources/1995719731/201545291" type="simple" />
            <root url="file://$USER_HOME$/Library/Caches/PyCharm2019.1/remote_sources/1995719731/-1372444856" type="simple" />
            <root url="file://$USER_HOME$/Library/Caches/PyCharm2019.1/remote_sources/1995719731/-1171821208" type="simple" />
            <root url="file://$USER_HOME$/Library/Caches/PyCharm2019.1/remote_sources/1995719731/-1382175924" type="simple" />
            <root url="file://$USER_HOME$/Library/Caches/PyCharm2019.1/remote_sources/395016875/201545291" type="simple" />
            <root url="file://$USER_HOME$/Library/Caches/PyCharm2019.1/remote_sources/395016875/-1372444856" type="simple" />
            <root url="file://$USER_HOME$/Library/Caches/PyCharm2019.1/remote_sources/395016875/-1382175924" type="simple" />
            <root url="file://$USER_HOME$/Library/Caches/PyCharm2019.1/remote_sources/395016875/-1171821208" type="simple" />
            <root url="file://$USER_HOME$/Library/Caches/PyCharm2019.1/remote_sources/894382442/201545291" type="simple" />
            <root url="file://$USER_HOME$/Library/Caches/PyCharm2019.1/remote_sources/894382442/-1372444856" type="simple" />
            <root url="file://$USER_HOME$/Library/Caches/PyCharm2019.1/remote_sources/894382442/-1117602965" type="simple" />
            <root url="file://$USER_HOME$/Library/Caches/PyCharm2019.1/remote_sources/894382442/-1382175924" type="simple" />
            <root url="file://$USER_HOME$/Library/Caches/PyCharm2019.1/remote_sources/894382442/-1171821208" type="simple" />
            <root url="file://$USER_HOME$/Library/Caches/PyCharm2019.1/remote_sources/894382442/894625582" type="simple" />
            <root url="file://$USER_HOME$/Library/Caches/PyCharm2019.2/remote_sources/894382442/201545291" type="simple" />
            <root url="file://$USER_HOME$/Library/Caches/PyCharm2019.2/remote_sources/894382442/-1372444856" type="simple" />
            <root url="file://$USER_HOME$/Library/Caches/PyCharm2019.2/remote_sources/894382442/894625582" type="simple" />
            <root url="file://$USER_HOME$/Library/Caches/PyCharm2019.2/remote_sources/894382442/-1382175924" type="simple" />
            <root url="file://$USER_HOME$/Library/Caches/PyCharm2019.2/remote_sources/894382442/-1171821208" type="simple" />
            <root url="file://$USER_HOME$/Library/Caches/PyCharm2019.2/remote_sources/894382442/-1117602965" type="simple" />
            <root url="file://$USER_HOME$/Library/Caches/PyCharm2019.2/remote_sources/894382442/989945665" type="simple" />
            <root url="file://$USER_HOME$/Library/Caches/PyCharm2019.3/remote_sources/894382442/201545291" type="simple" />
            <root url="file://$USER_HOME$/Library/Caches/PyCharm2019.3/remote_sources/894382442/-1372444856" type="simple" />
            <root url="file://$USER_HOME$/Library/Caches/PyCharm2019.3/remote_sources/894382442/894625582" type="simple" />
            <root url="file://$USER_HOME$/Library/Caches/PyCharm2019.3/remote_sources/894382442/-1117602965" type="simple" />
            <root url="file://$USER_HOME$/Library/Caches/PyCharm2019.3/remote_sources/894382442/-1382175924" type="simple" />
            <root url="file://$USER_HOME$/Library/Caches/PyCharm2019.3/remote_sources/894382442/989945665" type="simple" />
            <root url="file://$USER_HOME$/Library/Caches/PyCharm2019.3/remote_sources/894382442/-1171821208" type="simple" />
            <root url="file://$USER_HOME$/Library/Caches/PyCharm2019.3/remote_sources/894382442/-1504601408" type="simple" />
            <root url="file://$USER_HOME$/Library/Caches/PyCharm2019.3/remote_sources/894382442/-1949756847" type="simple" />
            <root url="file://$USER_HOME$/Library/Caches/PyCharm2019.3/remote_sources/894382442/-1603775811" type="simple" />
            <root url="file://$USER_HOME$/Library/Caches/PyCharm2019.3/remote_sources/894382442/-1700979304" type="simple" />
            <root url="file://$USER_HOME$/Library/Caches/PyCharm2019.3/python_stubs/894382442" type="simple" />
            <root url="file://$APPLICATION_HOME_DIR$/plugins/python/helpers/python-skeletons" type="simple" />
            <root url="file://$APPLICATION_HOME_DIR$/plugins/python/helpers/typeshed/stdlib/3" type="simple" />
            <root url="file://$APPLICATION_HOME_DIR$/plugins/python/helpers/typeshed/stdlib/2and3" type="simple" />
            <root url="file://$APPLICATION_HOME_DIR$/plugins/python/helpers/typeshed/third_party/3" type="simple" />
            <root url="file://$APPLICATION_HOME_DIR$/plugins/python/helpers/typeshed/third_party/2and3" type="simple" />
          </root>
        </classPath>
        <sourcePath>
          <root type="composite" />
        </sourcePath>
      </roots>
      <additional WEB_SERVER_CONFIG_ID="e31593c2-7aed-4b7c-b220-c47562517e24" WEB_SERVER_CONFIG_NAME="qsxyh123@1.tcp.ngrok.io:27652" WEB_SERVER_CREDENTIALS_ID="sftp://qsxyh123@1.tcp.ngrok.io:27652" INTERPRETER_PATH="/usr/bin/python3" HELPERS_PATH="/home/qsxyh123/.pycharm_helpers" INITIALIZED="false" VALID="true" RUN_AS_ROOT_VIA_SUDO="false" SKELETONS_PATH="" VERSION="Python 3.6.8">
        <PathMappingSettings>
          <option name="pathMappings">
            <list>
              <mapping local-root="$USER_HOME$/Library/Caches/PyCharm2019.1/remote_sources/1995719731/201545291" remote-root="/usr/lib/python3.6" />
              <mapping local-root="$USER_HOME$/Library/Caches/PyCharm2019.1/remote_sources/1995719731/-1372444856" remote-root="/home/qsxyh123/.local/lib/python3.6/site-packages" />
              <mapping local-root="$USER_HOME$/Library/Caches/PyCharm2019.1/remote_sources/1995719731/-1171821208" remote-root="/usr/lib/python3/dist-packages" />
              <mapping local-root="$USER_HOME$/Library/Caches/PyCharm2019.1/remote_sources/1995719731/-1382175924" remote-root="/usr/local/lib/python3.6/dist-packages" />
              <mapping local-root="$USER_HOME$/Library/Caches/PyCharm2019.1/remote_sources/395016875/201545291" remote-root="/usr/lib/python3.6" />
              <mapping local-root="$USER_HOME$/Library/Caches/PyCharm2019.1/remote_sources/395016875/-1372444856" remote-root="/home/qsxyh123/.local/lib/python3.6/site-packages" />
              <mapping local-root="$USER_HOME$/Library/Caches/PyCharm2019.1/remote_sources/395016875/-1382175924" remote-root="/usr/local/lib/python3.6/dist-packages" />
              <mapping local-root="$USER_HOME$/Library/Caches/PyCharm2019.1/remote_sources/395016875/-1171821208" remote-root="/usr/lib/python3/dist-packages" />
              <mapping local-root="$USER_HOME$/Library/Caches/PyCharm2019.1/remote_sources/894382442/201545291" remote-root="/usr/lib/python3.6" />
              <mapping local-root="$USER_HOME$/Library/Caches/PyCharm2019.1/remote_sources/894382442/-1372444856" remote-root="/home/qsxyh123/.local/lib/python3.6/site-packages" />
              <mapping local-root="$USER_HOME$/Library/Caches/PyCharm2019.1/remote_sources/894382442/-1117602965" remote-root="/tmp/pycharm_project_180" />
              <mapping local-root="$USER_HOME$/Library/Caches/PyCharm2019.1/remote_sources/894382442/-1382175924" remote-root="/usr/local/lib/python3.6/dist-packages" />
              <mapping local-root="$USER_HOME$/Library/Caches/PyCharm2019.1/remote_sources/894382442/-1171821208" remote-root="/usr/lib/python3/dist-packages" />
              <mapping local-root="$USER_HOME$/Library/Caches/PyCharm2019.1/remote_sources/894382442/894625582" remote-root="/home/qsxyh123/Developing/clevr-dataset-gen/image_generation" />
              <mapping local-root="$USER_HOME$/Library/Caches/PyCharm2019.2/remote_sources/894382442/201545291" remote-root="/usr/lib/python3.6" />
              <mapping local-root="$USER_HOME$/Library/Caches/PyCharm2019.2/remote_sources/894382442/-1372444856" remote-root="/home/qsxyh123/.local/lib/python3.6/site-packages" />
              <mapping local-root="$USER_HOME$/Library/Caches/PyCharm2019.2/remote_sources/894382442/894625582" remote-root="/home/qsxyh123/Developing/clevr-dataset-gen/image_generation" />
              <mapping local-root="$USER_HOME$/Library/Caches/PyCharm2019.2/remote_sources/894382442/-1382175924" remote-root="/usr/local/lib/python3.6/dist-packages" />
              <mapping local-root="$USER_HOME$/Library/Caches/PyCharm2019.2/remote_sources/894382442/-1171821208" remote-root="/usr/lib/python3/dist-packages" />
              <mapping local-root="$USER_HOME$/Library/Caches/PyCharm2019.2/remote_sources/894382442/-1117602965" remote-root="/tmp/pycharm_project_180" />
              <mapping local-root="$USER_HOME$/Library/Caches/PyCharm2019.2/remote_sources/894382442/989945665" remote-root="/usr/local/lib/python3.6/dist-packages/pycocotools-2.0-py3.6-linux-x86_64.egg" />
              <mapping local-root="$USER_HOME$/Library/Caches/PyCharm2019.3/remote_sources/894382442/201545291" remote-root="/usr/lib/python3.6" />
              <mapping local-root="$USER_HOME$/Library/Caches/PyCharm2019.3/remote_sources/894382442/-1372444856" remote-root="/home/qsxyh123/.local/lib/python3.6/site-packages" />
              <mapping local-root="$USER_HOME$/Library/Caches/PyCharm2019.3/remote_sources/894382442/894625582" remote-root="/home/qsxyh123/Developing/clevr-dataset-gen/image_generation" />
              <mapping local-root="$USER_HOME$/Library/Caches/PyCharm2019.3/remote_sources/894382442/-1117602965" remote-root="/tmp/pycharm_project_180" />
              <mapping local-root="$USER_HOME$/Library/Caches/PyCharm2019.3/remote_sources/894382442/-1382175924" remote-root="/usr/local/lib/python3.6/dist-packages" />
              <mapping local-root="$USER_HOME$/Library/Caches/PyCharm2019.3/remote_sources/894382442/989945665" remote-root="/usr/local/lib/python3.6/dist-packages/pycocotools-2.0-py3.6-linux-x86_64.egg" />
              <mapping local-root="$USER_HOME$/Library/Caches/PyCharm2019.3/remote_sources/894382442/-1171821208" remote-root="/usr/lib/python3/dist-packages" />
              <mapping local-root="$USER_HOME$/Library/Caches/PyCharm2019.3/remote_sources/894382442/-1504601408" remote-root="/home/qsxyh123/Developing/auto_yolo" />
              <mapping local-root="$USER_HOME$/Library/Caches/PyCharm2019.3/remote_sources/894382442/-1949756847" remote-root="/home/qsxyh123/Developing/auto_yolo/dps/src/clify" />
              <mapping local-root="$USER_HOME$/Library/Caches/PyCharm2019.3/remote_sources/894382442/-1603775811" remote-root="/home/qsxyh123/Developing/auto_yolo/dps/src/gym-recording" />
              <mapping local-root="$USER_HOME$/Library/Caches/PyCharm2019.3/remote_sources/894382442/-1700979304" remote-root="/home/qsxyh123/Developing/auto_yolo/dps" />
            </list>
          </option>
        </PathMappingSettings>
      </additional>
    </jdk>
    <jdk version="2">
      <name value="Python 3.6 (supermart)" />
      <type value="Python SDK" />
      <version value="Python 3.6.5" />
      <homePath value="$USER_HOME$/.pyenv/versions/3.6.5/bin/python" />
      <roots>
        <classPath>
          <root type="composite">
            <root url="file://$USER_HOME$/.pyenv/versions/3.6.5/lib/python3.6" type="simple" />
            <root url="file://$USER_HOME$/.pyenv/versions/3.6.5/lib/python3.6/lib-dynload" type="simple" />
            <root url="file://$USER_HOME$/.local/lib/python3.6/site-packages" type="simple" />
            <root url="file://$USER_HOME$/.pyenv/versions/3.6.5/lib/python3.6/site-packages" type="simple" />
            <root url="file://$USER_HOME$/eclipse-workspace/supermart_utils" type="simple" />
            <root url="file://$USER_HOME$/Library/Caches/PyCharm2019.3/python_stubs/1808282955" type="simple" />
            <root url="file://$APPLICATION_HOME_DIR$/plugins/python/helpers/python-skeletons" type="simple" />
            <root url="file://$APPLICATION_HOME_DIR$/plugins/python/helpers/typeshed/stdlib/3" type="simple" />
            <root url="file://$APPLICATION_HOME_DIR$/plugins/python/helpers/typeshed/stdlib/2and3" type="simple" />
            <root url="file://$APPLICATION_HOME_DIR$/plugins/python/helpers/typeshed/third_party/3" type="simple" />
            <root url="file://$APPLICATION_HOME_DIR$/plugins/python/helpers/typeshed/third_party/2and3" type="simple" />
          </root>
        </classPath>
        <sourcePath>
          <root type="composite" />
        </sourcePath>
      </roots>
      <additional ASSOCIATED_PROJECT_PATH="$USER_HOME$/eclipse-workspace/supermart" />
    </jdk>
  </component>
</application>